Workbook

Sheet SAP ABAP Tracker
A1: 📘 SAP ABAP Course – Curriculum Tracker
A2: Course: SAP ABAP Name : Shubham B. Randive Start Date: 30/05/2026 Target Date: 30/06/2026
A3: ✅ Done | 🔄 In Progress | ⏳ Pending Priority: High / Medium / Low Difficulty: Easy / Medium / Hard
A4: Sr | B4: Module / Topic | C4: Important Sub-topics | D4: Status | E4: Date Started | F4: Date Completed | G4: Priority | H4: Difficulty | I4: Notes / Resource Link | J4: Interview Questions
A5: MODULE 1: SAP / ERP Fundamentals
A6: 1 | B6: ERP, SAP & SAP Modules | C6: What is ERP; SAP overview; MM/SD/FI/CO/HR/PP modules | D6: ✅ Done | G6: High | H6: Medium | J6: DONE
A7: 2 | B7: Features of SAP & SAP R/3 Architecture | C7: 3-tier architecture; Presentation/Application/DB layers; Netweaver | D7: ✅ Done | G7: High | H7: Medium
A8: 3 | B8: TR & SAP R/3 Architecture | C8: Transport Request concept; Dev→QA→Prod landscape; CTS | D8: ✅ Done | G8: High | H8: Medium
A9: 4 | B9: Roles of ABAPer | C9: Developer responsibilities; Tickets; Change requests; Performance tuning | D9: ✅ Done | G9: High | H9: Medium
A10: 5 | B10: ABAP Application Server Architecture | C10: Work processes; Dispatcher; Memory management; Buffers | D10: ✅ Done | G10: High | H10: Medium
A11: MODULE 2: ABAP Basics
A12: 6 | B12: ABAP Objects | C12: Data declarations; Operators; Control statements; Loops; Modularisation | D12: ✅ Done | G12: High | H12: Medium
A13: 7 | B13: Header & Item Table | C13: Parent-child table design; Header key; Item key; Joins | D13: ⏳ Pending | G13: High | H13: Medium
A14: 8 | B14: Steps to Create TR | C14: SE09/SE10; Task vs Request; Release process | D14: ✅ Done | G14: High | H14: Medium
A15: 9 | B15: Data Types | C15: Elementary types (C/N/I/F/D/T/P/X); Complex types; Generic types | D15: ⏳ Pending | G15: High | H15: Medium
A16: 10 | B16: RICEFW | C16: Reports; Interfaces; Conversions; Enhancements; Forms; Workflows | D16: ⏳ Pending | G16: High | H16: Medium
A17: MODULE 3: ABAP Dictionary (DDIC)
A18: 11 | B18: ABAP Dictionary & DDIC (SE11) | C18: Domains; Data elements; Transparent/Pooled/Cluster tables; SE11 navigation | D18: 🔄 In Progress | G18: High | H18: Medium
A19: 12 | B19: Domains | C19: Value range; Fixed values; Foreign key check; Domain hierarchy | D19: ⏳ Pending | G19: High | H19: Medium
A20: 13 | B20: Table Creation | C20: Defining fields; Technical settings; Delivery class; Enhancement category | D20: ⏳ Pending | G20: High | H20: Medium
A21: 14 | B21: TMG (Table Maintenance Generator) | C21: SM30; Function group; Authorization group; Recording routine | D21: ⏳ Pending | G21: High | H21: Medium
A22: 15 | B22: PK–FK Relationships | C22: Primary key; Foreign key; Cardinality check; Referential integrity | D22: ⏳ Pending | G22: High | H22: Medium
A23: 16 | B23: Types of DB Tables & Cardinality | C23: Transparent/Pool/Cluster; 1:1, 1:N, N:M cardinality | D23: ⏳ Pending | G23: High | H23: Medium
A24: 17 | B24: Structure | C24: Flat vs nested structures; INCLUDE; Append structures | D24: ⏳ Pending | G24: High | H24: Medium
A25: 18 | B25: Views | C25: Database/Projection/Maintenance/Help views; SE11 view creation | D25: ⏳ Pending | G25: High | H25: Medium
A26: 19 | B26: Index | C26: Primary vs secondary index; Index on custom tables; Performance impact | D26: ⏳ Pending | G26: High | H26: Medium
A27: 20 | B27: Search Help | C27: Elementary & Collective search helps; SE11; Attaching to field | D27: ⏳ Pending | G27: High | H27: Medium
A28: 21 | B28: Table Buffering | C28: Full/Generic/Single-record buffering; When to buffer; Consistency | D28: ⏳ Pending | G28: High | H28: Medium
A29: 22 | B29: Lock Object | C29: SE11 lock objects; Enqueue/Dequeue; Lock modes (S/E/X) | D29: ⏳ Pending | G29: High | H29: Medium
... A31: 24 | B31: DDIC Project | C31: End-to-end DDIC object creation exercise | D31: ⏳ Pending | G31: High | H31: Medium
A32: MODULE 4: ABAP Programming
A33: 25 | B33: ABAP Programming – Variant | C33: SE38; Program types; Variants; SY- system variables | D33: ⏳ Pending | G33: High | H33: Medium
A34: 26 | B34: Internal Table & Work Area | C34: TYPES; DATA; LIKE LINE OF; Header line vs work area; OCCURS | D34: ⏳ Pending | G34: High | H34: Medium
A35: 27 | B35: Internal Table Operations | C35: APPEND/INSERT/MODIFY/DELETE/READ/LOOP/SORT; Binary search | D35: ⏳ Pending | G35: High | H35: Medium
A36: 28 | B36: Selection Screen | C36: PARAMETERS; SELECT-OPTIONS; SELECTION-SCREEN blocks; AT SELECTION-SCREEN | D36: ⏳ Pending | G36: High | H36: Medium
A37: 29 | B37: Reports | C37: Classical/Interactive/ALV reports; Events; WRITE statement | D37: ⏳ Pending | G37: High | H37: Medium
A38: 30 | B38: Joins (Open SQL) | C38: INNER/LEFT OUTER JOIN; FOR ALL ENTRIES; Subquery; Performance tips | D38: ⏳ Pending | G38: High | H38: Medium
A39: 31 | B39: Message Class | C39: SE91; Message types (A/E/I/S/W/X); MESSAGE statement | D39: ⏳ Pending | G39: High | H39: Medium
A40: MODULE 5: Reports
A41: 32 | B41: Classical Report Events | C41: INITIALIZATION; START-OF-SELECTION; END-OF-SELECTION; TOP-OF-PAGE; END-OF-PAGE | D41: ⏳ Pending | G41: High | H41: Medium
A42: 33 | B42: Interactive Classical Report Events | C42: AT LINE-SELECTION; AT USER-COMMAND; SET/GET cursor; HIDE | D42: ⏳ Pending | G42: High | H42: Medium
A43: 34 | B43: Interactive Classical Report Statements | C43: LEAVE TO LIST-PROCESSING; SUPPRESS DIALOG; SCROLL LIST; secondary lists | D43: ⏳ Pending | G43: High | H43: Medium
A44: 35 | B44: ALV (ABAP List Viewer) | C44: REUSE_ALV_GRID_DISPLAY; Field catalog; Layout; Sort; Filter; Events | D44: ⏳ Pending | G44: High | H44: Medium
A45: MODULE 6: Modularisation & OOP
A46: 36 | B46: Modularisation Technique | C46: FORM/ENDFORM; FUNCTION MODULE; SE37; INCLUDE programs; Macros | D46: ⏳ Pending | G46: High | H46: Medium
A47: 37 | B47: OOP – ABAP Objects | C47: Class; Object; Encapsulation; Inheritance; Polymorphism; SE24 | D47: ⏳ Pending | G47: High | H47: Medium
A48: 38 | B48: Local Class & Other Classes | C48: CLASS ... IMPLEMENTATION; PUBLIC/PRIVATE/PROTECTED sections; Global class | D48: ⏳ Pending | G48: High | H48: Medium
A49: 39 | B49: Methods | C49: Instance vs Static methods; Importing/Exporting/Returning/Changing params | D49: ⏳ Pending | G49: High | H49: Medium
A50: 40 | B50: Abstract Class | C50: ABSTRACT keyword; Cannot instantiate; Must inherit; Abstract methods | D50: ⏳ Pending | G50: High | H50: Medium
A51: 41 | B51: Polymorphism | C51: Method overriding; Dynamic binding; CAST; Object references | D51: ⏳ Pending | G51: High | H51: Medium
A52: 42 | B52: Interfaces | C52: INTERFACE keyword; Multiple interface implementation; ~tilde notation | D52: ⏳ Pending | G52: High | H52: Medium
A53: 43 | B53: Constructor | C53: CONSTRUCTOR method; CLASS-CONSTRUCTOR; Initialization logic | D53: ⏳ Pending | G53: High | H53: Medium
A54: 44 | B54: Exception Class | C54: CX_ROOT hierarchy; TRY/CATCH/CLEANUP/ENDTRY; RAISE EXCEPTION; ZCX_* | D54: ⏳ Pending | G54: High | H54: Medium
A55: 45 | B55: SALV (Simple ALV) | C55: CL_SALV_TABLE; Columns; Functions; Events; Display settings | D55: ⏳ Pending | G55: High | H55: Medium
A56: 46 | B56: Factory Design Pattern | C56: Factory method; GET_INSTANCE; Singleton concept in ABAP OOP | D56: ⏳ Pending | G56: High | H56: Medium
A57: MODULE 7: BAPI (Business API)
A58: 47 | B58: What is BAPI? | C58: Business Application Programming Interface; Standard SAP method; BAPI_* naming | D58: ⏳ Pending | G58: High | H58: Medium
A59: 48 | B59: BAPI Architecture | C59: Function module based; Remote-enabled (RFC); BAPI Explorer (BAPI tcode) | D59: ⏳ Pending | G59: High | H59: Medium
A60: 49 | B60: Calling a BAPI | C60: CALL FUNCTION 'BAPI_*'; COMMIT WORK AND WAIT; ROLLBACK WORK | D60: ⏳ Pending | G60: High | H60: Medium
A61: 50 | B61: BAPI Return Table | C61: BAPIRET2 structure; TYPE field (S/E/W/I/A); handling error messages | D61: ⏳ Pending | G61: High | H61: Medium
A62: 51 | B62: Commonly Used BAPIs | C62: BAPI_MATERIAL_SAVEDATA; BAPI_PO_CREATE1; BAPI_SALESORDER_CREATEFROMDAT2; BAPI_GOODSMVT_CREATE | D62: ⏳ Pending | G62: High | H62: Medium
A63: 52 | B63: Custom BAPI Creation | C63: SE37; RFC-enabled; BAPI parameter naming convention; BAPIMETHODS table | D63: ⏳ Pending | G63: High | H63: Medium
A64: 53 | B64: BAPI Transaction Handling | C64: COMMIT/ROLLBACK strategy; BAPI_TRANSACTION_COMMIT; Error rollback logic | D64: ⏳ Pending | G64: High | H64: Medium
A65: MODULE 8: Enhancement (RICEF – E)
A66: 54 | B66: Types of Enhancements | C66: Classical exits (User exits, Menu exits, Screen exits); BADIs; Enhancement Framework | D66: ⏳ Pending | G66: High | H66: Medium
A67: 55 | B67: User Exits | C67: SMOD/CMOD; EXIT_ function modules; Standard SAP exit points; Activation | D67: ⏳ Pending | G67: High | H67: Medium
A68: 56 | B68: Customer Exits (CMOD) | C68: CMOD project creation; Assigning enhancement; Implementing EXIT_* FM; Testing | D68: ⏳ Pending | G68: High | H68: Medium
A69: 57 | B69: Menu Exits & Screen Exits | C69: Additional menu items; Additional sub-screens; Function codes | D69: ⏳ Pending | G69: High | H69: Medium
A70: 58 | B70: BADIs (Business Add-Ins) | C70: SE18/SE19; Classic BADI vs New (kernel) BADI; GET BADI / CALL BADI | D70: ⏳ Pending | G70: High | H70: Medium
A71: 59 | B71: Enhancement Framework (SE80) | C71: Enhancement spots; Implicit vs Explicit enhancement points; Source code plug-in | D71: ⏳ Pending | G71: High | H71: Medium
A72: 60 | B72: Enhancement Implementation | C72: Creating enhancement implementation; ENHANCEMENT ... ENDENHANCEMENT syntax | D72: ⏳ Pending | G72: High | H72: Medium
A73: 61 | B73: Pre/Post Enhancement | C73: Before/After method hook; Overwrite implementation; Priority | D73: ⏳ Pending | G73: High | H73: Medium
A74: 62 | B74: Practical Enhancement Scenarios | C74: Enhancing standard SAP programs (ME21N, VA01, MIGO) with custom logic | D74: ⏳ Pending | G74: High | H74: Medium

Sheet Dashboard
A1: 📊 SAP ABAP Course – Progress Dashboard
A2: Metric | B2: Count | C2: Progress Bar (out of 20)
A3: ✅ Completed Topics | B3: =COUNTIF('SAP ABAP Tracker'!D:D,"✅ Done") -> 7 | C3: =REPT("█",ROUND(B3/B6*20,0))&REPT("░",20-ROUND(B3/B6*20,0)) -> ██░░░░░░░░░░░░░░░░░░
A4: 🔄 In Progress Topics | B4: =COUNTIF('SAP ABAP Tracker'!D:D,"🔄 In Progress") -> 1
A5: ⏳ Pending Topics | B5: =COUNTIF('SAP ABAP Tracker'!D:D,"⏳ Pending") -> 54
A6: 📚 Total Topics | B6: =B3+B4+B5 -> 62
A9: Module-wise Progress
A10: Module | B10: Total | C10: Done | D10: In Progress | E10: Pending
A11: SAP / ERP Fundamentals | B11: 5 | C11: =COUNTIFS('SAP ABAP Tracker'!B:B,"*SAP*",'SAP ABAP Tracker'!D:D,"✅ Done") -> 3 | D11: =COUNTIFS('SAP ABAP Tracker'!B:B,"*SAP*",'SAP ABAP Tracker'!D:D,"🔄 In Progress") -> 0 | E11: =COUNTIFS('SAP ABAP Tracker'!B:B,"*SAP*",'SAP ABAP Tracker'!D:D,"⏳ Pending") -> 0
A12: ABAP Basics | B12: 5 | C12: =COUNTIFS('SAP ABAP Tracker'!B:B,"*ABAP*",'SAP ABAP Tracker'!D:D,"✅ Done") -> 3 | D12: =COUNTIFS('SAP ABAP Tracker'!B:B,"*ABAP*",'SAP ABAP Tracker'!D:D,"🔄 In Progress") -> 1 | E12: =COUNTIFS('SAP ABAP Tracker'!B:B,"*ABAP*",'SAP ABAP Tracker'!D:D,"⏳ Pending") -> 3
A13: ABAP Dictionary (DDIC) | B13: 14 | C13: =COUNTIFS('SAP ABAP Tracker'!B:B,"*ABAP*",'SAP ABAP Tracker'!D:D,"✅ Done") -> 3 | D13: =COUNTIFS('SAP ABAP Tracker'!B:B,"*ABAP*",'SAP ABAP Tracker'!D:D,"🔄 In Progress") -> 1 | E13: =COUNTIFS('SAP ABAP Tracker'!B:B,"*ABAP*",'SAP ABAP Tracker'!D:D,"⏳ Pending") -> 3
A14: ABAP Programming | B14: 7 | C14: =COUNTIFS('SAP ABAP Tracker'!B:B,"*ABAP*",'SAP ABAP Tracker'!D:D,"✅ Done") -> 3 | D14: =COUNTIFS('SAP ABAP Tracker'!B:B,"*ABAP*",'SAP ABAP Tracker'!D:D,"🔄 In Progress") -> 1 | E14: =COUNTIFS('SAP ABAP Tracker'!B:B,"*ABAP*",'SAP ABAP Tracker'!D:D,"⏳ Pending") -> 3
A15: Reports | B15: 4 | C15: =COUNTIFS('SAP ABAP Tracker'!B:B,"*Reports*",'SAP ABAP Tracker'!D:D,"✅ Done") -> 0 | D15: =COUNTIFS('SAP ABAP Tracker'!B:B,"*Reports*",'SAP ABAP Tracker'!D:D,"🔄 In Progress") -> 0 | E15: =COUNTIFS('SAP ABAP Tracker'!B:B,"*Reports*",'SAP ABAP Tracker'!D:D,"⏳ Pending") -> 1
A16: Modularisation & OOP | B16: 11 | C16: =COUNTIFS('SAP ABAP Tracker'!B:B,"*Modularisation*",'SAP ABAP Tracker'!D:D,"✅ Done") -> 0 | D16: =COUNTIFS('SAP ABAP Tracker'!B:B,"*Modularisation*",'SAP ABAP Tracker'!D:D,"🔄 In Progress") -> 0 | E16: =COUNTIFS('SAP ABAP Tracker'!B:B,"*Modularisation*",'SAP ABAP Tracker'!D:D,"⏳ Pending") -> 1
A17: BAPI | B17: 7 | C17: =COUNTIFS('SAP ABAP Tracker'!B:B,"*BAPI*",'SAP ABAP Tracker'!D:D,"✅ Done") -> 0 | D17: =COUNTIFS('SAP ABAP Tracker'!B:B,"*BAPI*",'SAP ABAP Tracker'!D:D,"🔄 In Progress") -> 0 | E17: =COUNTIFS('SAP ABAP Tracker'!B:B,"*BAPI*",'SAP ABAP Tracker'!D:D,"⏳ Pending") -> 7
A18: Enhancement | B18: 9 | C18: =COUNTIFS('SAP ABAP Tracker'!B:B,"*Enhancement*",'SAP ABAP Tracker'!D:D,"✅ Done") -> 0 | D18: =COUNTIFS('SAP ABAP Tracker'!B:B,"*Enhancement*",'SAP ABAP Tracker'!D:D,"🔄 In Progress") -> 0 | E18: =COUNTIFS('SAP ABAP Tracker'!B:B,"*Enhancement*",'SAP ABAP Tracker'!D:D,"⏳ Pending") -> 5
A20: 💡 Update Status in 'SAP ABAP Tracker' sheet — Dashboard recalculates automatically!

Sheet How To Use
A1: 📖 How To Use This SAP ABAP Tracker
A2: STEP / FEATURE | B2: DETAILS
A3: 1️⃣ Update Status | B3: Click any cell in the 'Status' column → choose from dropdown: ✅ Done | 🔄 In Progress | ⏳ Pending
A4: 2️⃣ Fill Dates | B4: Enter 'Date Started' when you begin a topic. Enter 'Date Completed' once finished. Format: DD-Mon-YYYY (e.g. 05-Jun-2025)
A5: 3️⃣ Set Priority | B5: Use Priority dropdown (High / Medium / Low) to plan your study sequence.
A6: 4️⃣ Set Difficulty | B6: Mark each topic as Easy / Medium / Hard to gauge your revision effort.
A7: 5️⃣ Notes Column | B7: Add YouTube links, book chapter refs, practice tcode names, or personal notes.
A8: 6️⃣ Dashboard Sheet | B8: Switch to 'Dashboard' to see total Done/In-Progress/Pending counts and % — auto-updates!
A9: 7️⃣ Module Headers | B9: Dark rows = Module headers (not editable). Light rows = individual topics.
A10: 8️⃣ Adding Topics | B10: Insert a new row inside the module block, copy formatting from adjacent row, fill details.
A11: 9️⃣ BAPI Module | B11: Covers BAPI architecture, calling BAPIs, BAPIRET2 error handling, and custom BAPI creation.
A12: 🔟 Enhancement Module | B12: Covers User Exits (SMOD/CMOD), BADIs (SE18/SE19), Enhancement Framework, Pre/Post hooks.
A13: 🎨 Color Guide | B13: 🟢 Green = Done 🔵 Blue = In Progress 🟡 Yellow = Pending ⬛ Dark Blue = Module Header
